<?xml version="1.0" standalone="yes"?>
<case>
<simulation>
	<start_time value="0" unit="s"/>
	<end_time value="432000" unit="s"/>
	<time_step value="3600" unit="s"/>
	<space_step value="0.01" unit="m"/>
	<initial_temperature value="295" unit="K"/>
</simulation>
<setup>
	<materials>
		<material phase="solid" name="plaster">
			<conductivity value="1." unit="W/mK"/>
			<heat_capacity value="1000." unit="J/kgK"/>
			<density value="1800." unit="kg/m3"/>
			<emissivity value="0.9" unit="-"/>
		</material>
		<material phase="solid" name="concrete"> 
			<conductivity value="2." unit="W/mK"/> 
			<heat_capacity value="1000." unit="J/kgK"/>
			<density value="2400." unit="kg/m3"/>
			<emissivity value="0.9" unit="-"/>
		</material>
	</materials>
	<geometry>
		<height value="1.0" unit="m"/>
		<length value="1.0" unit="m"/>
		<tilt value="90" unit="deg"/>
	</geometry>
	<coordinates name="Larissa_south_wall" >
		<latitude value="39.64" unit="deg"/>
		<longitude value="22.42" unit="deg"/>

		<orientation value="180" unit="deg"/>

		<date value="2" unit="month"/>
		<time value="0" unit="hour" zone="2"/>
	</coordinates>
	<layers>
		<boundary name="internal">
			<temperature value="295." unit="K"/>
			<heat_transfer_coefficient value="7.7" unit="W/m2K"/>
			<velocity value="0.0" unit="m/s"/>
			<heat_flux value="0.0" unit="W/m2"/>
		</boundary>
		<layer name="plaster_in">
			<geometry>
				<thickness value="0.02" unit="m"/>
			</geometry>
			<material reference="plaster"/>
		</layer>
		<layer name="concrete">
			<geometry>
				<thickness value="0.30" unit="m"/>
			</geometry>
			<material reference="concrete"/>
		</layer>
		<layer name="plaster_out">
			<geometry>
				<thickness value="0.02" unit="m"/>
			</geometry>
			<material reference="plaster"/>
		</layer>
		<boundary name="external">
			<temperature type="function">
				<temperature_max value="283" unit="K"/>
				<temperature_min value="273" unit="K"/>
				<time_cycle value="1" unit="day"/>
				<time_offset value="15" unit="hour"/>
		 	</temperature>
			<heat_transfer_coefficient value="20." unit="W/m2K"/>
			<velocity value="0.0" unit="m/s"/>
			<heat_flux type="function">
				<function type="ASHRAE_clear_day_model" side="front"/>
			</heat_flux>
		</boundary>
	</layers>
</setup>
<output>
	<screen>
		<time_step value="14400" unit="s"/>
	</screen>
	<file>
		<time_step value="3600" unit="s"/>
		<space_step value="0.02" unit="m"/>
	</file>
</output>
</case>
